Episodio,RecompensaTotal,Pasos,Epsilon
0,19.700000000000287,596,0.0996820918179746
